Top queries,Clicks,Impressions,CTR,Position
spokane towing,4,1060,0.38%,31.02
spokane valley towing,2,1146,0.17%,9.08
tow company near me,2,89,2.25%,58.51
towing service,1,1359,0.07%,49.37
towing near me,1,513,0.19%,63.59
towing,1,336,0.3%,17.9
emergency towing,1,296,0.34%,39.26
towing service near me,1,248,0.4%,58.45
spokane towing services,1,222,0.45%,17.02
valley tow,1,15,6.67%,7.53
west valley towing,1,6,16.67%,5.17
heavy duty tow truck,1,5,20%,8.4
towing quote online,1,2,50%,5
bus towing service,1,1,100%,3
towning company near me,1,1,100%,13
tow truck companies,1,1,100%,14
towing services,0,1911,0%,66
towing spokane valley,0,778,0%,28.44
tow truck service,0,698,0%,68.56
towing spokane,0,644,0%,42.54
tow truck spokane,0,590,0%,41.39
cheap towing near me,0,548,0%,78.07
commercial towing,0,500,0%,54.53
roadside assistance,0,441,0%,14.9
tow truck near me,0,392,0%,57.81
battery roadside assistance,0,372,0%,11.48
local towing,0,367,0%,44.57
roadside battery assistance,0,343,0%,10.2
commercial truck towing,0,328,0%,60.2
roadside assistance battery replacement,0,327,0%,11.75
commercial towing services,0,324,0%,34.6
emergency towing services,0,324,0%,51.61
roadside assistance battery,0,309,0%,11.56
reliable towing spokane,0,304,0%,42.26
commercial vehicle towing,0,278,0%,62.51
spokane towing companies,0,274,0%,34.24
tow truck services,0,268,0%,68.51
spokane tow truck,0,235,0%,34.54
spokane roadside assistance,0,228,0%,39.24
towing service spokane,0,227,0%,48.58
truck towing near me,0,211,0%,81.61
emergency towing near me,0,209,0%,76.78
winchout & recovery,0,207,0%,64.39
tow companies near me,0,205,0%,72.58
towing deer park,0,200,0%,39.11
heavy duty truck towing,0,198,0%,70.65
towing companies,0,192,0%,57.52
"reliable towing, towing service, hayden",0,191,0%,16.66
tow trucks near me,0,184,0%,65.73
spokane tow companies,0,182,0%,47.74
towing spokane wa,0,177,0%,35.85
tow truck,0,176,0%,17.21
roadside assistance spokane,0,170,0%,43.87
car towing near me,0,170,0%,80.09
towing spokane washington,0,168,0%,50.83
24 hour towing,0,153,0%,39.05
towing company spokane,0,142,0%,36.62
local towing service,0,137,0%,58.2
towing in spokane,0,136,0%,56.88
tow service near me,0,134,0%,63.36
commercial tow,0,133,0%,54.14
tow service,0,126,0%,52.71
car towing services,0,120,0%,59.24
towing company near me,0,120,0%,60.48
towing companies near me,0,118,0%,79.6
heavy equipment towing,0,117,0%,71.78
towing services near me,0,116,0%,85.86
dependable towing services,0,115,0%,13.45
car towing,0,113,0%,26.48
heavy duty roadside assistance,0,111,0%,12.59
heavy duty towing,0,107,0%,27.93
roadside assistance flat tire no spare,0,107,0%,69.15
commercial vehicle tow,0,105,0%,44.72
affordable towing near me,0,104,0%,61.29
reliable towing,0,103,0%,12.23
heavy-duty roadside assistance,0,100,0%,14.61
reliable towing service,0,100,0%,32.93
car service deer park,0,98,0%,25.58
truck towing service,0,98,0%,45.54
spokane vehicle lockout,0,97,0%,15.48
towing garwood id,0,95,0%,8.43
spokane towing company,0,94,0%,34.59
emergency towing deer park,0,94,0%,69.44
commercial towing company,0,92,0%,42.58
towing coeur d'alene idaho,0,88,0%,18.4
ditch recovery,0,80,0%,41.08
towing truck near me,0,78,0%,73.45
towing heavy duty,0,78,0%,74.58
towing service company,0,78,0%,80.42
north idaho towing,0,76,0%,13.91
emergency towing spokane,0,76,0%,18.87
tow truck spokane wa,0,76,0%,42.12
truck towing,0,74,0%,8.95
mobile tire service,0,73,0%,11.08
commercial towing service,0,72,0%,56.61
auto towing services,0,72,0%,72.86
towing companies in spokane,0,69,0%,45.06
valley towing,0,66,0%,6.83
deer park towing,0,66,0%,10.15
anytime towing,0,66,0%,11.14
heavy vehicle towing,0,66,0%,68.45
24 hour vehicle tow greenacres,0,65,0%,74.82
tow near me,0,65,0%,79.54
auto towing,0,64,0%,45.16
towing company,0,62,0%,14.6
spokane tow,0,62,0%,37.4
"""spokane towing services"" ""spokane""",0,61,0%,16.43
tow services,0,61,0%,54.15
spokane emergency towing near me,0,60,0%,40.23
towing truck services,0,60,0%,59.17
towing truck service,0,60,0%,64.12
flatbed auto transport,0,58,0%,47.17
local towing company,0,58,0%,54.78
commercial truck towing service,0,56,0%,56.39
deer towing,0,55,0%,66.89
flat tire towing,0,55,0%,76.53
towing trucks,0,54,0%,9.07
a towing service,0,54,0%,72.17
24 hour towing service,0,52,0%,14.9
towing 24 hours,0,52,0%,15.42
car towing service,0,52,0%,28.9
toe truck service,0,52,0%,69.48
winch-outs,0,50,0%,9.28
cheap towing spokane,0,50,0%,40.32
flat tire assistance,0,49,0%,11.27
towing service services,0,49,0%,64.67
commercial tow truck service,0,48,0%,61.52
post falls towing,0,47,0%,19.57
emergency car unlock near me,0,47,0%,79.34
colville towing,0,46,0%,9.93
emergency towing truck,0,45,0%,9.31
semi towing,0,45,0%,9.87
flat tire,0,44,0%,8.18
towing truck,0,44,0%,11.84
medium duty towing,0,44,0%,22.09
auto towing service,0,44,0%,24.02
emergency towing service,0,43,0%,16
local towing near me,0,43,0%,78
tow away service,0,43,0%,79.51
tow truck deer park,0,42,0%,34.48
flatbed towing,0,41,0%,11.27
emergency towing company,0,41,0%,54.29
flatbed towing services,0,40,0%,12.55
cheap towing,0,40,0%,17.73
request a tow,0,40,0%,19.77
tow service for trucks,0,40,0%,64.3
tow truck service near me,0,40,0%,90.55
cheap towing service,0,39,0%,16.44
towing post falls,0,39,0%,23.51
schedule a tow,0,39,0%,26.1
towing coeur,0,39,0%,54.79
heavy duty towing near me,0,38,0%,53.95
truck tow truck,0,37,0%,10.51
medium duty towing near me,0,37,0%,61.59
commercial tow truck,0,37,0%,68.27
car tow service,0,36,0%,68.94
tow trucks service,0,35,0%,61.43
heavy duty tow,0,35,0%,81.63
reliable towing near me,0,32,0%,21.69
professional towing services,0,32,0%,68.62
truck tow,0,31,0%,8.97
exotic car towing,0,30,0%,6
towing hayden,0,30,0%,9.77
vehicle towing service,0,30,0%,83.37
towng service,0,28,0%,74.54
towing coeur d’alene,0,27,0%,40.96
roadside assistance bel air heights,0,27,0%,42.37
local towing services,0,27,0%,57
winch out & recovery,0,27,0%,67.89
towning service,0,27,0%,79.3
flat tire repair,0,26,0%,7.46
roadside assistance near me,0,26,0%,57.65
vehicle tow service,0,26,0%,70.73
tow services near me,0,25,0%,56.84
flatbed vehicle transport,0,25,0%,79.96
roadside lockout service,0,24,0%,51.96
vehicle towing,0,24,0%,69.96
towing company services,0,24,0%,71.92
towing near to me,0,24,0%,73.88
towing and roadside,0,24,0%,75.38
all service towing,0,23,0%,14.74
mobile tire,0,23,0%,16.83
truck towing services,0,23,0%,63.65
highway towing,0,23,0%,70.78
mobile tire repair,0,22,0%,11.41
tow truck spokane valley,0,22,0%,36.82
tow companies,0,22,0%,43.91
motorcycle towing near me,0,22,0%,48.86
tow company spokane,0,21,0%,46.95
towing companies in spokane washington,0,21,0%,60.71
cloverleaf towing,0,20,0%,48.3
towing & roadside,0,20,0%,55.3
tow truck local,0,20,0%,55.7
professional towing,0,20,0%,58.6
service tow truck,0,20,0%,79.65
24 hour towing​ deer park,0,20,0%,80
towing hayden id,0,19,0%,8.63
sandpoint towing,0,19,0%,15.42
heavy duty towing company near me,0,19,0%,24.84
towing cda,0,18,0%,41.61
50 towing near me,0,18,0%,48.22
towing spokane valley wa,0,18,0%,53.44
tow services hayden id,0,17,0%,8
tow service hayden id,0,17,0%,8.53
truck towing hayden id,0,17,0%,12.94
tow truck hayden id,0,17,0%,17.71
flatbed towing near me,0,17,0%,62.06
tow car service,0,17,0%,70.35
towing car near me,0,17,0%,80.94
towing fernan lake village,0,16,0%,10
vehicle lockout service near me,0,16,0%,35.81
car lockout service near me,0,16,0%,39.88
commercial towing near me,0,16,0%,63.75
towing near by me,0,16,0%,80.38
towing truck close to me,0,15,0%,7.47
roadside tire service,0,15,0%,8.53
flat tire change,0,15,0%,11.13
hayden towing,0,15,0%,15.8
vehicle towing services,0,15,0%,56.6
who do i call for towing near me,0,15,0%,62.13
tow trucks near me now,0,15,0%,73.87
towing for car,0,15,0%,81.87
valley towing and recovery,0,14,0%,7.21
airway heights towing,0,14,0%,7.64
road side assistance,0,14,0%,9.79
winch out,0,14,0%,43.5
towing companies spokane,0,14,0%,58.64
semi towing near me,0,13,0%,20.62
anytime towing spokane,0,13,0%,46.77
tow trucks in this area,0,13,0%,53
tow truck companies near me,0,13,0%,66.62
lockout roadside assistance,0,13,0%,72.54
car tow near me,0,13,0%,76.08
heavy duty towing service near me,0,13,0%,80.92
cheap towing service near me,0,13,0%,82.77
affordable tow truck near me,0,13,0%,86.15
professional towing company,0,13,0%,90.77
free jump start car service near me,0,12,0%,9.75
towing post falls id,0,12,0%,39.08
towing companies spokane wa,0,12,0%,41.5
winchout,0,12,0%,52.75
evergreen state towing,0,12,0%,60.92
cheap tow near me,0,12,0%,74.08
roadside assistance lockout,0,12,0%,78.25
need emergency towing near me,0,12,0%,87.33
cheap towing services,0,12,0%,162.67
tow car hayden id,0,11,0%,7.36
tow truck company,0,11,0%,8.36
sk towing,0,11,0%,9.45
airways towing,0,11,0%,27.82
tow truck post falls,0,11,0%,28.18
east valley towing,0,11,0%,48.64
tow companys,0,11,0%,55.64
tow trucks near me cheap,0,11,0%,69.09
roadside assistance lock out,0,11,0%,72.73
best towing service near me,0,11,0%,75.09
roadside assistance branyan,0,11,0%,83.18
free flat tire repair near me,0,10,0%,9.5
flatbed services,0,10,0%,9.6
reliable towing cda,0,10,0%,29.6
tow truck service 24 hours,0,10,0%,51.5
vehicle towing near me,0,10,0%,54.2
towing service quote,0,10,0%,60.4
local towing companies,0,10,0%,60.9
cheap long distance towing near me,0,10,0%,63.3
tow truck available now,0,10,0%,66.4
heavy duty towing vehicles,0,10,0%,78.9
towing for cars,0,10,0%,82.1
cheap tow truck near me,0,10,0%,101.7
roadside service near me,0,9,0%,5.67
towing near me open now,0,9,0%,5.78
jump start service,0,9,0%,8.22
roadside tire repair,0,9,0%,8.22
all about towing,0,9,0%,9.11
cheney towing,0,9,0%,9.33
roadside service,0,9,0%,17.11
reliable towing post falls,0,9,0%,22.44
reliable towing spokane valley,0,9,0%,41.11
tow quote near me,0,9,0%,41.11
towing company deer park,0,9,0%,43.33
roadside assistance jump start lockout fuel delivery flat tire,0,9,0%,51.11
residential lockout service near me,0,9,0%,77.89
long distance towing services near me,0,9,0%,86.78
local guide program,0,8,0%,1
emergency tire repair,0,8,0%,7.75
flat bed towing near me,0,8,0%,8
roadside assistance coeur d'alene,0,8,0%,8.25
tow truck downtown,0,8,0%,18.75
(inurl:post) i-90,0,8,0%,24.88
50 towing,0,8,0%,26.62
tow quote,0,8,0%,27.5
flatbed towing service,0,8,0%,28
tow truck post falls id,0,8,0%,36.5
car towing deer park,0,8,0%,39.38
towing companies spokane washington,0,8,0%,46.38
long distance towing,0,8,0%,47.12
emergency commercial towing,0,8,0%,57.5
quick towing service,0,8,0%,59.25
winched out,0,8,0%,66.62
auto tow,0,8,0%,67.88
evergreen towing spokane wa,0,8,0%,71
local car towing service,0,8,0%,75
car towing companies,0,8,0%,75.62
box truck towing near me,0,8,0%,76.38
commercial towing equipment,0,8,0%,80.5
free auto towing,0,8,0%,88.62
who can i call for a jump start,0,7,0%,6.43
flat tire service,0,7,0%,8.57
free tire repair,0,7,0%,9.71
towing cheney wa,0,7,0%,10.57
road side assistance flat tire,0,7,0%,11.14
snow recovery 98045,0,7,0%,14.86
towing solutions,0,7,0%,17.43
24/7 towing,0,7,0%,21.29
i need a tow truck near me,0,7,0%,33.43
24 hour towing spokane,0,7,0%,34.43
specialized towing service greenacres,0,7,0%,38
24-hour towing,0,7,0%,43.29
towing trucks near me,0,7,0%,45.86
emergency car towing services,0,7,0%,52
flat tire emergency,0,7,0%,58.14
professional towing service,0,7,0%,59.86
evergreen towing spokane,0,7,0%,63.29
emergency tow near me,0,7,0%,68.57
car towing service near me,0,7,0%,69.14
reliable towing services,0,7,0%,69.14
roadside towing​ deer park,0,7,0%,70.29
reliable tow truck near me,0,7,0%,71
tow towing near me,0,7,0%,80.29
tow truck near me near me,0,7,0%,86.14
exotic car transport,0,7,0%,91.71
jump start near me,0,6,0%,6.5
car jump service,0,6,0%,8.33
emergency tire repair near me,0,6,0%,9.5
heavy duty towing companies near me,0,6,0%,9.5
tow trucks,0,6,0%,9.5
tow company,0,6,0%,9.67
flatbed truck service,0,6,0%,10.17
local tow company,0,6,0%,12.5
towing airway heights,0,6,0%,12.67
emergency roadside assistance,0,6,0%,26.5
reliable towing hayden,0,6,0%,28.17
snow recovery service,0,6,0%,29.67
winch and recovery service,0,6,0%,38
emergency tow truck service,0,6,0%,47.83
24 hour towing service near me,0,6,0%,48.33
towing and road service,0,6,0%,52.33
nearby tow truck service,0,6,0%,57.17
highway towing service,0,6,0%,64.67
trailer towing near me,0,6,0%,66.33
deer valley towing,0,6,0%,70
towing compnies,0,6,0%,70.33
towing service deer park,0,6,0%,71.17
affordable tow trucks near me,0,6,0%,77
towing heavy truck,0,6,0%,80.5
tow service near me cheap,0,6,0%,83.5
tow truck cheap near me,0,6,0%,88.33
local tow service near me,0,6,0%,94.33
interstate vehicle transport,0,6,0%,95.5
towing prices near me,0,5,0%,3.4
24 hour tow,0,5,0%,5
tow place,0,5,0%,5
mobile flat tire repair near me,0,5,0%,6
who can you call for a jump start,0,5,0%,6.4
semi truck towing,0,5,0%,7.8
battery jump service,0,5,0%,9.8
24 hr towing,0,5,0%,10
cheap jump start service near me,0,5,0%,10
off road recovery,0,5,0%,16.4
reliable towing and recovery,0,5,0%,17.6
towing sandpoint,0,5,0%,18.2
24 hour towing near me,0,5,0%,28
find me a tow truck,0,5,0%,44.2
tows near me,0,5,0%,51
tow my commercial truck,0,5,0%,56.8
vehicle towing companies,0,5,0%,60.4
evergreen state towing spokane wa,0,5,0%,60.6
interstate car transport,0,5,0%,61.2
roadside assistance out of gas,0,5,0%,62.6
truck tow near me,0,5,0%,66.8
towing quote near me,0,5,0%,67
towing and service,0,5,0%,67.8
roadside assistance olivet,0,5,0%,69.4
quick towing near me,0,5,0%,71.4
towing service​ deer park,0,5,0%,73.4
towing providers,0,5,0%,78
instant roadside assistance,0,5,0%,78.2
affordable towing service near me,0,5,0%,83.2
cheap towing services near me,0,5,0%,86.4
local car towing services,0,5,0%,87.8
luxury car transport,0,5,0%,88.2
cheap towing near me 24 7,0,5,0%,94
towing lorry,0,4,0%,1.5
who can i call to jump my car,0,4,0%,4.5
free lockout service,0,4,0%,4.75
need a jump start near me,0,4,0%,5.25
24 hour tow truck,0,4,0%,6.25
24/7 tire repair,0,4,0%,6.25
emergency tire service,0,4,0%,6.75
wrecker service near me,0,4,0%,6.75
lorry towing,0,4,0%,7
flat tire help,0,4,0%,8
roadside battery replacement near me,0,4,0%,8
cheap mobile tire repair near me,0,4,0%,8.25
jumpstart car service,0,4,0%,8.25
recovery towing,0,4,0%,8.25
long distance car towing,0,4,0%,8.5
tow cost,0,4,0%,9
24 hour tire service,0,4,0%,9.25
roadside assistance flat tire,0,4,0%,9.25
jumper service near me,0,4,0%,10
tow yard,0,4,0%,10.5
affordable towing,0,4,0%,10.75
wagon tire towing,0,4,0%,11
towing servicetowing service,0,4,0%,11.25
free flat tire repair,0,4,0%,11.5
cheapest towing near me,0,4,0%,11.75
interstate towing,0,4,0%,23.5
24/7 towing services,0,4,0%,26.75
all about towing spokane,0,4,0%,30
road side,0,4,0%,34
tow providers near me,0,4,0%,38.25
ditch recovery service,0,4,0%,44.75
all service towing spokane,0,4,0%,47.75
24 hour towing services,0,4,0%,51
need towing,0,4,0%,51.5
call towing,0,4,0%,51.75
towing near by,0,4,0%,52
50$ towing near me,0,4,0%,54.5
commercial tow company,0,4,0%,54.75
tire roadside assistance,0,4,0%,60.25
towing commercial vehicles,0,4,0%,63.25
towing services 24 7,0,4,0%,65.75
towing heavy equipment,0,4,0%,66.25
a tow services,0,4,0%,67.5
towing serives,0,4,0%,67.5
long distance car transport,0,4,0%,69.25
off road gear spokane,0,4,0%,72.5
roadside assistance windfall heights,0,4,0%,74.5
tow truck service greenacres,0,4,0%,77.25
local towing service near me,0,4,0%,77.5
affordable tow truck service near me,0,4,0%,79.75
what is extrication winching service,0,4,0%,79.75
tow truck near me cheap,0,4,0%,80.25
inpost quote,0,4,0%,82.25
tow companies near me now,0,4,0%,85.25
car twoing,0,4,0%,86.75
interstate towing services,0,4,0%,88
help with flat tire,0,4,0%,89.25
affordable tow service near me,0,4,0%,90.5
low cost towing near me,0,4,0%,91.5
towing seevices,0,4,0%,94
closest towing company,0,3,0%,3
heavy duty tow truck service near me,0,3,0%,4
towing costs near me,0,3,0%,4.33
who to call when you run out of gas near me,0,3,0%,4.33
24 hours tow service,0,3,0%,4.67
a and d towing,0,3,0%,4.67
tire rescue near me,0,3,0%,4.67
flat tire service roadside,0,3,0%,5.33
towing companies in my area,0,3,0%,5.33
online tow quote,0,3,0%,5.67
24 hour tire shop near me,0,3,0%,6
towing prices,0,3,0%,6
nearest tow truck,0,3,0%,6.33
roadside assistance for a flat tire,0,3,0%,6.33
who can i call to change a flat tire,0,3,0%,6.33
battery jump service near me,0,3,0%,6.67
how much is a tow truck service,0,3,0%,6.67
jumpstart service near me,0,3,0%,6.67
car battery jump service,0,3,0%,7
who do i call if i have a flat tire,0,3,0%,7
24-hour tire service,0,3,0%,7.33
semi tow truck,0,3,0%,7.33
towing near me llc,0,3,0%,8
24/7 tire service near me,0,3,0%,8.33
emergency road service near me,0,3,0%,8.33
jump start car service,0,3,0%,8.33
liberty towing,0,3,0%,8.33
road service near me,0,3,0%,8.33
road side assistance tire change,0,3,0%,8.67
toweing company,0,3,0%,8.67
free roadside assistance,0,3,0%,9
free roadside assistance near me,0,3,0%,9
24 hr tow service near me,0,3,0%,9.67
flat tire roadside assistance near me,0,3,0%,10
hayden's towing,0,3,0%,10.33
jumpstart assistance near me,0,3,0%,10.33
top rated towing near me,0,3,0%,10.33
24 hr tow service,0,3,0%,10.67
out of gas help,0,3,0%,10.67
tow companies near me open now,0,3,0%,10.67
long distance towing near me,0,3,0%,11
mobile tire repair service near me,0,3,0%,11
valley towing near me,0,3,0%,11
heavy towing near me,0,3,0%,11.33
mobile tire replacement,0,3,0%,11.33
post falls tow truck,0,3,0%,11.67
auto towing near me,0,3,0%,12
free car unlock service near me,0,3,0%,12
mobile tire repair near me,0,3,0%,12
nw towing,0,3,0%,12
flatbed towing service near me,0,3,0%,12.67
lockouts car,0,3,0%,15
emergency reefer repair airway heights,0,3,0%,16.33
fast response towing,0,3,0%,21.67
nearest towing services,0,3,0%,24.33
tow service near me now,0,3,0%,24.67
breakdown towing,0,3,0%,27.67
cheap towing deer park,0,3,0%,31.33
reliable towing company,0,3,0%,31.67
emergency towing service 97814,0,3,0%,39.67
emergency towing and transport,0,3,0%,40.33
50$ towing,0,3,0%,40.67
emergency road service,0,3,0%,40.67
winch outs,0,3,0%,42
cheap towing spokane wa,0,3,0%,43
towing services 24/7,0,3,0%,46.67
roadside assistance quote,0,3,0%,47.33
inexpensive towing near me,0,3,0%,48
towing quotes near me,0,3,0%,51.67
affordable towing companies near me,0,3,0%,53
north valley towing,0,3,0%,53
tow near me cheap,0,3,0%,54.33
long distance towing cost,0,3,0%,55.33
valley view towing,0,3,0%,57
commercial truck towing near me,0,3,0%,59
towing for commercial vehicles,0,3,0%,60.67
tow truck services near me,0,3,0%,62
towing near near me,0,3,0%,62.67
towing service near me now,0,3,0%,62.67
roadside fuel delivery,0,3,0%,63
free towing near me,0,3,0%,64
towing vendors,0,3,0%,65
tow compaines,0,3,0%,65.33
toll truck near me,0,3,0%,65.67
tow trucks near my location,0,3,0%,66
towing near me cheap,0,3,0%,66
towing towing near me,0,3,0%,67
heavy-duty towing,0,3,0%,67.33
spokane to hayden idaho,0,3,0%,68.33
fix tires 24 hours in idaho,0,3,0%,68.67
24 hrs towing,0,3,0%,69
towing around me,0,3,0%,69.33
towing near you,0,3,0%,70
towing truck near me 24 hours,0,3,0%,70
tow truxk,0,3,0%,71.33
tow service quote,0,3,0%,72.33
local car towing,0,3,0%,75
tow truck quotes near me,0,3,0%,75
towing services near me cheap,0,3,0%,75.33
towing experts,0,3,0%,75.67
exotic car transport cost,0,3,0%,76.33
towtrucks near me,0,3,0%,76.33
towing winch,0,3,0%,77
interstate vehicle movers,0,3,0%,77.33
car towing company,0,3,0%,79.33
roadside assistance north valley,0,3,0%,82.33
fastest towing near me,0,3,0%,82.67
tow cars near me,0,3,0%,82.67
$50 towing service near me,0,3,0%,84.33
tow truck by me,0,3,0%,84.33
tow quotes near me,0,3,0%,85.33
tow trucks in near me,0,3,0%,86.33
towing service near me cheap,0,3,0%,86.33
heavy duty winch,0,3,0%,89.33
spokane valley car repair,0,3,0%,90.67
tow trucks near mw,0,3,0%,90.67
cheap towing truck near me,0,3,0%,91.33
emergency car towing near me,0,3,0%,91.33
classic car transport,0,3,0%,91.67
two truck near me,0,3,0%,93
long distance car movers,0,3,0%,93.33
vehicle repair in spokane valley,0,3,0%,97.33
road side assistance free,0,2,0%,1
who to call for flat tire,0,2,0%,1.5
nearest towing,0,2,0%,3
tow time,0,2,0%,3
how much is a local tow,0,2,0%,3.5
tow truck rates near me,0,2,0%,3.5
24 hour flat tire repair near me,0,2,0%,4
24hr towing,0,2,0%,4
contact towing,0,2,0%,4
servicio de carretera para camiones cerca de mi,0,2,0%,4
towing quotes,0,2,0%,4
flatbed tow,0,2,0%,4.5
help with a flat tire,0,2,0%,4.5
ran out of gas roadside assistance,0,2,0%,4.5
response towing service,0,2,0%,4.5
fast roadside assistance,0,2,0%,5
jump start service near me open now,0,2,0%,5
semi truck towing service near me,0,2,0%,5
tow truck prices near me,0,2,0%,5
online towing quote,0,2,0%,5.5
tire roadside assistance near me,0,2,0%,5.5
will roadside assistance replace battery,0,2,0%,5.5
big tow towing,0,2,0%,6
car jump start near me,0,2,0%,6
mobile tire flat repair,0,2,0%,6
out of gas service,0,2,0%,6
tow and mechanic near me,0,2,0%,6
cheapest jump start service near me,0,2,0%,6.5
heavy equipment tow truck,0,2,0%,6.5
jumpstart towing,0,2,0%,6.5
lockout assistance,0,2,0%,6.5
miles towing,0,2,0%,6.5
sk towing services,0,2,0%,6.5
24 hour car towing service near me,0,2,0%,7
cross border towing service,0,2,0%,7
flat repair,0,2,0%,7
heavy duty wrecker service near me,0,2,0%,7
off road towing,0,2,0%,7
tow truck near me within 5 mi,0,2,0%,7
towing and hauling near me,0,2,0%,7
towing and recovery near me,0,2,0%,7
towing company near me within 5 mi,0,2,0%,7
who to call for a jump start,0,2,0%,7
yow trucks near me,0,2,0%,7
24/7 roadside assistance,0,2,0%,7.5
closest tow truck,0,2,0%,7.5
stuck towing,0,2,0%,7.5
24 7 towing,0,2,0%,8
24hour towing,0,2,0%,8
flat tire repair service,0,2,0%,8
jump start assistance,0,2,0%,8
long haul towing,0,2,0%,8
24/7 tow,0,2,0%,8.5
heavy towing,0,2,0%,8.5
nearest towing company,0,2,0%,8.5
off road recovery near me,0,2,0%,8.5
roadside assistance flat tire near me,0,2,0%,8.5
roadside assistance for flat tire,0,2,0%,8.5
roadside assistance locked out of car,0,2,0%,8.5
roadside cover,0,2,0%,8.5
roadside services,0,2,0%,8.5
tire flat repair,0,2,0%,8.5
tow services near me cheap,0,2,0%,8.5
towing and tire repair near me,0,2,0%,8.5
24 hour tire repair mobile,0,2,0%,9
car tow,0,2,0%,9
flat tire assistance near me,0,2,0%,9
flat tire change service,0,2,0%,9
flat tire help roadside,0,2,0%,9
tow truck near me within 0.2 mi,0,2,0%,9
tow truck online quote,0,2,0%,9
towing mechanic near me,0,2,0%,9
flat bed tow truck near me,0,2,0%,9.5
on the road tire service,0,2,0%,9.5
roadside,0,2,0%,9.5
assistance roadside,0,2,0%,10
car jump start service,0,2,0%,10
cheap mobile tire replacement near me,0,2,0%,10
city towing,0,2,0%,10
emergency tire change,0,2,0%,10
heavy duty towing trucks,0,2,0%,10
mobile tire change service,0,2,0%,10
roadside tire repair near me,0,2,0%,10
roadside tire replacement,0,2,0%,10
tow company near me open now,0,2,0%,10
tow truck jump start,0,2,0%,10
towi g,0,2,0%,10
towing companys,0,2,0%,10
24 hours towing service,0,2,0%,10.5
flat fix,0,2,0%,10.5
new connections towing,0,2,0%,10.5
road side service,0,2,0%,10.5
roadside repair near me,0,2,0%,10.5
towtruck,0,2,0%,10.5
24/7 mobile tire repair,0,2,0%,11
first responder towing,0,2,0%,11
inland towing spokane,0,2,0%,11
local tow truck company,0,2,0%,11
medium duty tow truck service,0,2,0%,11
offroad towing,0,2,0%,11
road service,0,2,0%,11
rv towing service near me,0,2,0%,11
tow truck near me open now,0,2,0%,11
tow vehicle,0,2,0%,11
wrecker service,0,2,0%,11
mobile tire patch service near me,0,2,0%,11.5
nearest tow truck company,0,2,0%,11.5
tow company 24 hours,0,2,0%,11.5
car jump services near me,0,2,0%,12
cheap flatbed towing near me,0,2,0%,12
fleet towing services,0,2,0%,12
free towing,0,2,0%,12
reliable.towing,0,2,0%,12
towing companys near me,0,2,0%,12
anytime towing near me,0,2,0%,12.5
reliable towing support for breakdowns,0,2,0%,12.5
tow trucks available near me,0,2,0%,15.5
24 hour road assistance,0,2,0%,16
off-road recovery,0,2,0%,16.5
towing places,0,2,0%,25.5
mobile tire service spokane,0,2,0%,26
nearby tow service,0,2,0%,26
semi truck towing near me,0,2,0%,27.5
auto transport services spokane wa,0,2,0%,32.5
greenacres motorcycle towing,0,2,0%,34
emergency towing 97814,0,2,0%,35
nelson's towing spokane,0,2,0%,35.5
spokane towing rates,0,2,0%,36
off-road vehicle recovery,0,2,0%,38
lilac city towing,0,2,0%,38.5
greenacres specialized towing service,0,2,0%,39
in my area emergency towing,0,2,0%,39
discount towing near me,0,2,0%,39.5
emergency truck towing,0,2,0%,42
winchouts,0,2,0%,42.5
car towing service deer park,0,2,0%,43
world connections towing,0,2,0%,43.5
towing services 24 hours,0,2,0%,44
car towing quote,0,2,0%,45
tow around me,0,2,0%,45.5
tow truck edgewater heights,0,2,0%,45.5
tow trucks service near me,0,2,0%,45.5
towing vehicle near me,0,2,0%,45.5
transport car on flatbed,0,2,0%,48.5
tow trucks company near me,0,2,0%,49
cross country towing,0,2,0%,50
who to call when you have a flat tire,0,2,0%,51.5
tow trucks services,0,2,0%,52
does pop a lock change tires,0,2,0%,53.5
always towing spokane,0,2,0%,54
rush hour towing,0,2,0%,54
response towing,0,2,0%,54.5
free tow,0,2,0%,55
sullivan tire commercial truck center,0,2,0%,55
city towing billings mt,0,2,0%,56
evergreen state towing spokane,0,2,0%,56
emergency tire service cave city,0,2,0%,57
fasthelp,0,2,0%,57
tow truck for motorcycle greenacres,0,2,0%,59
cheap towing trucks near me,0,2,0%,59.5
tow companys near me,0,2,0%,59.5
accident towing greenacres,0,2,0%,60.5
tow towing,0,2,0%,61
commercial tow trucks,0,2,0%,61.5
motorcycle towing deer park,0,2,0%,63
fast tow service,0,2,0%,63.5
mobile towing near me,0,2,0%,64
road towing,0,2,0%,64
accident towing service greenacres,0,2,0%,65.5
colville wa,0,2,0%,65.5
taw truck,0,2,0%,65.5
automobile towing near me,0,2,0%,67.5
tow trucks around me,0,2,0%,67.5
best towing near me,0,2,0%,68.5
nearby towing services,0,2,0%,68.5
heavy-duty truck towing,0,2,0%,69.5
who to call if you get a flat tire,0,2,0%,69.5
pickup rental,0,2,0%,70.5
liberty towing - 24 hour tow service,0,2,0%,71
tow truck near my location,0,2,0%,71
towing company for semi trucks,0,2,0%,72
tow drivers near me,0,2,0%,72.5
diesel delivery spokane,0,2,0%,73
towing agency near me,0,2,0%,73
affordable towing services near me,0,2,0%,74.5
motorcycle towing services,0,2,0%,74.5
towtruck service,0,2,0%,74.5
24 hour towing near me cheap,0,2,0%,76
industrial towing,0,2,0%,76
recovery winch,0,2,0%,76.5
tow truck service near me cheap,0,2,0%,76.5
best tow truck near me,0,2,0%,77
accident towing near me,0,2,0%,77.5
vehicle relocation service,0,2,0%,77.5
24/7 dispatching,0,2,0%,78
who tow cars near me,0,2,0%,78.5
fast tow truck,0,2,0%,79
towing for semi trucks near me,0,2,0%,79
towing trucks near me cheap,0,2,0%,80.5
cheapest car towing near me,0,2,0%,81.5
near me truck towing,0,2,0%,82
exotic car towing near me,0,2,0%,82.5
cda towing,0,2,0%,83
towing companies open now,0,2,0%,83
flatbed tow near me,0,2,0%,83.5
remote winches,0,2,0%,85.5
car towing services near me,0,2,0%,86.5
interstate movers boise,0,2,0%,86.5
towing servie,0,2,0%,86.5
best tow trucks near me,0,2,0%,87
cheap tow trucks near me,0,2,0%,87
free car towing,0,2,0%,87.5
highway flat tire,0,2,0%,87.5
vehicle winches,0,2,0%,87.5
tow vehicle near me,0,2,0%,88
commerical towing,0,2,0%,88.5
specialized towing and recovery,0,2,0%,88.5
towing car services near me,0,2,0%,88.5
downtown post falls,0,2,0%,89
emergency towing service near me,0,2,0%,89.5
cheap towing near me 24 hours,0,2,0%,90
road side assistance near me,0,2,0%,90.5
tow truck near me.,0,2,0%,90.5
tire roadside assistance in idaho,0,2,0%,91
average towing cost,0,2,0%,91.5
towing service salt lake city,0,2,0%,92
tow trucks near,0,2,0%,93
towinh near me,0,2,0%,93
towing transport,0,2,0%,93.5
best roadside assistance,0,2,0%,94.5
cheap towing company near me,0,2,0%,94.5
towing company near me holtville,0,2,0%,95
professional towing and recovery,0,2,0%,95.5
vehicle maintenance spokane wa,0,2,0%,95.5
tow truck company near me,0,2,0%,96
private towing service,0,2,0%,96.5
vintage car transport,0,2,0%,97.5
tow.truck near me,0,2,0%,98
car towing state to state,0,2,0%,100
24 hour jump start near me,0,1,0%,1
24/7 road rescue service,0,1,0%,1
cost for towing,0,1,0%,1
downtown towing,0,1,0%,1
get roadside assistance,0,1,0%,1
how much for a tow,0,1,0%,1
how much is a tow cost,0,1,0%,1
how to call a tow truck,0,1,0%,1
how to get my car towed to a mechanic,0,1,0%,1
i drove through a mudslide for him,0,1,0%,1
i need a jump,0,1,0%,1
jumpstart near me,0,1,0%,1
mass ave towing,0,1,0%,1
offroad recovery near me,0,1,0%,1
one stop tow,0,1,0%,1
rainbow towing,0,1,0%,1
road ass,0,1,0%,1
roadside rescue,0,1,0%,1
side assistance,0,1,0%,1
south hill towing,0,1,0%,1
tow price,0,1,0%,1
towing businesses near me,0,1,0%,1
towing near me within 1 mi,0,1,0%,1
towing payment,0,1,0%,1
what towing company does my apartment use,0,1,0%,1
who can i call for roadside assistance,0,1,0%,1
who can i call if i run out of gas,0,1,0%,1
who do i call for flat tire,0,1,0%,1
who do i call to have a car towed,0,1,0%,1
who to call to jump start car,0,1,0%,1
who to call when car battery dies,0,1,0%,1
24 towing service near me,0,1,0%,2
best emergency towing service for large commercial fleets,0,1,0%,2
big truck towing near me,0,1,0%,2
fix a flat nearby,0,1,0%,2
24 hour roadside service near me,0,1,0%,3
24 hr tire repair near me,0,1,0%,3
county towing,0,1,0%,3
gruas cerca de mi,0,1,0%,3
heavy duty truck towing near me,0,1,0%,3
heavy haul tow truck,0,1,0%,3
near by tow truck,0,1,0%,3
nearest tow,0,1,0%,3
semi tow truck service near me,0,1,0%,3
tire repair 24/7,0,1,0%,3
tow truck companies near my location,0,1,0%,3
towing companies nearby,0,1,0%,3
24 hour tire shop,0,1,0%,4
24/7 emergency auto assistance affordable,0,1,0%,4
after hours tire repair,0,1,0%,4
area towing,0,1,0%,4
car flat,0,1,0%,4
cheap tow company,0,1,0%,4
flat tire repair roadside assistance,0,1,0%,4
flatbed tow truck for hire,0,1,0%,4
hook towing,0,1,0%,4
roadside assistance tire change,0,1,0%,4
snowmobile recovery near me,0,1,0%,4
tow bear me,0,1,0%,4
towing and tire service near me,0,1,0%,4
towing compant,0,1,0%,4
towing flat bed,0,1,0%,4
towing in,0,1,0%,4
24 hour tire replacement,0,1,0%,5
24 hour tire service near me,0,1,0%,5
24-hour tire repair,0,1,0%,5
cheap car tows,0,1,0%,5
check for me,0,1,0%,5
classic tow,0,1,0%,5
emergency roadside assistance near me,0,1,0%,5
fast tire service,0,1,0%,5
fast towing,0,1,0%,5
flatbed service near me,0,1,0%,5
flatbed truck towing,0,1,0%,5
free car jump service near me,0,1,0%,5
heavy duty towing truck,0,1,0%,5
heavy towing service near me,0,1,0%,5
how much is towing,0,1,0%,5
low cost tow,0,1,0%,5
motorcycle towing service near me,0,1,0%,5
nearby towing company,0,1,0%,5
quick and cheap towing,0,1,0%,5
quick tire repair,0,1,0%,5
quick towing,0,1,0%,5
roadside assistance ran out of gas,0,1,0%,5
stuck towing service,0,1,0%,5
tire 24 hours,0,1,0%,5
tire repair 24 hours near me,0,1,0%,5
tire shop 24/7,0,1,0%,5
tow car across country,0,1,0%,5
tow fee,0,1,0%,5
tow service near me open now,0,1,0%,5
tow to tow,0,1,0%,5
tow truck companies in my area,0,1,0%,5
tow truck lockout service,0,1,0%,5
tow truck near me cheap prices,0,1,0%,5
towing companies downtown,0,1,0%,5
valley towing company,0,1,0%,5
24 hour flat tire repair,0,1,0%,6
24 hour tire,0,1,0%,6
24 hour tow truck service near me,0,1,0%,6
24 hr roadside service,0,1,0%,6
24/7 emergency towing,0,1,0%,6
car lockout service emergency roadside assistance,0,1,0%,6
cheap towing service shirley,0,1,0%,6
cost of a tow,0,1,0%,6
fix tires 24 hours,0,1,0%,6
flat tire who to call,0,1,0%,6
flat tires,0,1,0%,6
flatbed transporters,0,1,0%,6
gruas near me,0,1,0%,6
heavy-duty tow truck,0,1,0%,6
how much is a tow near me,0,1,0%,6
jump start car near me,0,1,0%,6
local tow truck,0,1,0%,6
need a towing service,0,1,0%,6
pro-tow,0,1,0%,6
road side assistance for flat tire,0,1,0%,6
roadside battery,0,1,0%,6
roadside flat tire assistance near me,0,1,0%,6
roadside tire replacement service,0,1,0%,6
roadway towing,0,1,0%,6
semi towing and recovery,0,1,0%,6
semi towing company near me,0,1,0%,6
service to jump start car,0,1,0%,6
south valley towing,0,1,0%,6
tire shop roadside assistance,0,1,0%,6
tow truck for heavy equipment,0,1,0%,6
tow truck with flatbed,0,1,0%,6
towinh,0,1,0%,6
transport towing,0,1,0%,6
university towing,0,1,0%,6
yes,0,1,0%,6
товинг,0,1,0%,6
24 hour tow truck near me,0,1,0%,7
24 hr tire service,0,1,0%,7
battery jumping service,0,1,0%,7
big rig towing,0,1,0%,7
big towing,0,1,0%,7
car flat tire,0,1,0%,7
car flat tyre,0,1,0%,7
car jump assistance,0,1,0%,7
car jumpstart service,0,1,0%,7
car lockout assistance near me,0,1,0%,7
cheapest tow in town,0,1,0%,7
emergency tire replacement service,0,1,0%,7
flat tire rescue near me,0,1,0%,7
fuel delivery roadside assistance,0,1,0%,7
green towing,0,1,0%,7
heavy tow truck,0,1,0%,7
heavy wreckers near me,0,1,0%,7
how to get my car towed,0,1,0%,7
independent towing,0,1,0%,7
jump start car service near me,0,1,0%,7
need a jumpstart near me,0,1,0%,7
recovery towing near me,0,1,0%,7
road assistance,0,1,0%,7
road side assistance gas,0,1,0%,7
roadside assistance for gas near me,0,1,0%,7
roadside assistance jump start,0,1,0%,7
roadside flat tire,0,1,0%,7
scotts towing,0,1,0%,7
service tow,0,1,0%,7
small tow truck,0,1,0%,7
south lake towing,0,1,0%,7
sunset towing,0,1,0%,7
tow service prices,0,1,0%,7
towing cost near me,0,1,0%,7
towing local,0,1,0%,7
towing lockout service,0,1,0%,7
towing near,0,1,0%,7
towing places near me open,0,1,0%,7
towing quote,0,1,0%,7
towing service nearby,0,1,0%,7
where to get a jump start,0,1,0%,7
who to call to jump a car,0,1,0%,7
24 hour roadside assistance,0,1,0%,8
affordable flat tire service near me,0,1,0%,8
battery jumpstart service near me,0,1,0%,8
best towing services for construction equipment,0,1,0%,8
big rig towing near me,0,1,0%,8
call roadside assistance,0,1,0%,8
change a flat tire service,0,1,0%,8
cheap tow truck near me 24 hours,0,1,0%,8
closest tow truck to my location,0,1,0%,8
diesel tow truck near me,0,1,0%,8
emergency roadside services,0,1,0%,8