Country,Clicks,Impressions,CTR,Position
United States,39,8707,0.45%,23.3
Canada,1,73,1.37%,22.01
Honduras,1,3,33.33%,15
Australia,0,110,0%,71.34
United Kingdom,0,65,0%,25.78
India,0,55,0%,38.51
Brazil,0,46,0%,21.78
Germany,0,33,0%,25.3
Netherlands,0,27,0%,44.41
Vietnam,0,25,0%,28.04
Indonesia,0,24,0%,14.83
Switzerland,0,21,0%,24.86
Philippines,0,20,0%,17.95
Italy,0,19,0%,20.68
Mexico,0,19,0%,36.63
Argentina,0,18,0%,14.39
Turkey,0,18,0%,18.33
Spain,0,17,0%,18.53
France,0,16,0%,11.31
Japan,0,16,0%,20.19
Serbia,0,16,0%,70.44
Romania,0,15,0%,20
Colombia,0,14,0%,21.36
Thailand,0,14,0%,23.93
Pakistan,0,12,0%,14.17
Hungary,0,11,0%,23.18
Ireland,0,10,0%,30.3
Bangladesh,0,9,0%,11.11
Malaysia,0,9,0%,17.78
Algeria,0,8,0%,12.38
New Zealand,0,8,0%,32.5
Czechia,0,8,0%,33.38
Israel,0,7,0%,5.29
Sweden,0,7,0%,16.86
Saudi Arabia,0,7,0%,28.29
Macedonia,0,6,0%,8.83
South Korea,0,6,0%,11
Portugal,0,6,0%,20.5
Norway,0,6,0%,25
Guatemala,0,5,0%,8.4
Ecuador,0,5,0%,9.6
Nigeria,0,5,0%,11.2
Venezuela,0,5,0%,30.8
Ukraine,0,4,0%,8.75
Poland,0,4,0%,11.25
Singapore,0,4,0%,20.75
Chile,0,4,0%,29.75
Belgium,0,4,0%,41
El Salvador,0,3,0%,5.67
Nicaragua,0,3,0%,7.67
Dominican Republic,0,3,0%,10
Russia,0,3,0%,13.33
Morocco,0,3,0%,16.67
China,0,3,0%,22.33
Tunisia,0,3,0%,22.67
Mongolia,0,3,0%,27.33
Egypt,0,3,0%,31.33
Costa Rica,0,3,0%,40.33
Denmark,0,3,0%,65.33
Malta,0,2,0%,3
Peru,0,2,0%,6
Bahamas,0,2,0%,10
United Arab Emirates,0,2,0%,14
South Africa,0,2,0%,14.5
Austria,0,2,0%,26.5
Sri Lanka,0,2,0%,28
Angola,0,2,0%,31
Estonia,0,2,0%,43
Puerto Rico,0,2,0%,51
Bosnia & Herzegovina,0,1,0%,1
Cuba,0,1,0%,3
Kazakhstan,0,1,0%,3
Panama,0,1,0%,3
Azerbaijan,0,1,0%,4
Latvia,0,1,0%,4
Moldova,0,1,0%,4
Paraguay,0,1,0%,5
Zambia,0,1,0%,5
Kyrgyzstan,0,1,0%,6
Afghanistan,0,1,0%,7
Taiwan,0,1,0%,7
Uruguay,0,1,0%,7
Haiti,0,1,0%,8
Bermuda,0,1,0%,9
Palestine,0,1,0%,9
Myanmar (Burma),0,1,0%,11
Hong Kong,0,1,0%,12
Oman,0,1,0%,12
Trinidad & Tobago,0,1,0%,12
Slovakia,0,1,0%,13
Kosovo,0,1,0%,14
Seychelles,0,1,0%,16
Georgia,0,1,0%,18
Bulgaria,0,1,0%,20
Greece,0,1,0%,22
Iran,0,1,0%,34
Lithuania,0,1,0%,34
Côte d’Ivoire,0,1,0%,40
Cameroon,0,1,0%,42
Kenya,0,1,0%,44
Bhutan,0,1,0%,45
Bahrain,0,1,0%,47
Uzbekistan,0,1,0%,49