Top pages,Clicks,Impressions,CTR,Position
https://spokanetowing.com/spokane-towing-services,8,2334,0.34%,30.11
https://spokanetowing.com/towing-spokane-valley,3,1172,0.26%,18.4
https://spokanetowing.com/heavy-duty-towing,3,798,0.38%,41.58
https://spokanetowing.com/towing-airway-heights,3,412,0.73%,9.2
https://spokanetowing.com/lockout-flat-tire,3,338,0.89%,18.6
https://spokanetowing.com/long-distance-towing,3,116,2.59%,50.19
https://spokanetowing.com/,2,1052,0.19%,34.54
https://spokanetowing.com/towing-hayden-id,2,412,0.49%,14.07
https://spokanetowing.com/towing-deer-park,2,385,0.52%,25.95
https://spokanetowing.com/winch-out-recovery,2,233,0.86%,43.89
https://spokanetowing.com/towing-cheney,2,211,0.95%,8.19
https://spokanetowing.com/towing-liberty-lake,2,165,1.21%,8.62
https://spokanetowing.com/roadside-assistance,1,1232,0.08%,18.01
https://spokanetowing.com/24-hour-towing,1,476,0.21%,43.72
https://spokanetowing.com/towing-coeur-d-alene,1,410,0.24%,9.72
https://spokanetowing.com/flatbed-towing,1,302,0.33%,49.51
https://spokanetowing.com/faq,1,250,0.4%,24.84
https://spokanetowing.com/towing-colville,1,177,0.56%,29.09
https://spokanetowing.com/towing-post-falls,0,237,0%,13.62
https://spokanetowing.com/contact,0,160,0%,49.54
https://spokanetowing.com/towing-sandpoint,0,67,0%,10.54
https://spokanetowing.com/terms-of-service,0,28,0%,61.21
https://spokanetowing.com/privacy-policy,0,12,0%,43
https://spokanetowing.com/quote,0,1,0%,2
https://spokanetowing.com/images/og-image.jpg,0,1,0%,29